Author Name,Date Published,Title/Audio Name,Duration,Album Name
Erica Jones,8/23/2014,Bad always able great,2:29,White prove onto easy
Christina Holloway,7/27/2019,Fill institution too,5:55,Tell responsibility choose
Justin Watson,3/6/2020,Your character avoid wish half first,4:19,Shake various stock
Richard Bates,5/24/2020,Strong others large,4:24,Get bed successful
Robert Torres,1/24/2015,Economy science oil,2:03,Unit particular accept
Mark Hill,5/26/2014,Material couple where democratic,5:52,Program news
Natalie Norman,6/22/2021,Inside foreign national foreign,5:35,Time require any
Karen Terry,10/3/2022,Mention by remember let likely,1:53,Think
Sara Hanna,6/27/2017,Trip forget already seat include,5:51,Future
Meredith Martinez,3/8/2017,Very religious develop,4:00,Have mind
David Wong,6/12/2022,Everybody cup especially still entire that,1:53,Interest behind far
Raymond Harris,5/15/2022,Deep kid opportunity history,5:56,Voice approach sell
Isabella Sanchez,11/8/2020,Former bit window,1:48,Official
Taylor Wood,5/30/2023,Trial technology dream left,3:45,Fight
Dylan Mitchell,4/9/2015,There if bank four,5:42,Finally player mean
Rhonda Elliott,8/5/2022,Or develop media according Republican situation,4:44,Suffer recently
Cynthia Stephens,2/18/2024,Begin difference fish ten foreign create,1:37,Dream future
Kevin Edwards DVM,8/12/2015,Agreement move majority for message,2:55,Military
Vanessa Spencer,2/10/2015,Attorney billion determine,5:09,Order purpose
Jacob Simmons,7/26/2017,Else whether prepare cold expect national,3:08,Begin drive
Gary Garcia,12/19/2014,When plant box animal step,1:43,Bit lawyer
Rachel Bush,8/6/2017,Hour media organization set cut,1:39,Lead long
Pamela Sutton,4/20/2023,Type day type fight pattern,1:57,Long early
Jeremy Hill,5/7/2014,Stuff grow hold answer money,1:44,Once her
Paula Price,12/1/2020,Its mother sure wrong little,2:55,Southern form
Kelly Johnson,5/28/2023,Production society leader scientist life defense,1:06,Lay exactly
Carrie Patterson,7/18/2021,Teach relate voice over,5:36,Condition Democrat
Ms. Sarah Wheeler,2/27/2016,Goal a manager,1:43,Prepare knowledge stand
Melanie Ali,8/8/2020,Ten common agreement relationship television,1:09,Range draw off
Amy Powell,5/28/2022,Shake itself audience half,3:04,Half firm
Albert Arroyo,4/4/2021,Yet involve order national floor serious,5:49,Around authority
Jessica Wallace,8/3/2023,Southern none throw bad,1:35,Try company
Andrew Jones,6/10/2020,Suffer vote physical share operation,4:32,Save right bag
Jose Miller,4/8/2014,Sing certainly activity clearly,2:06,No start well
Sean Wang,1/25/2024,Dark attack control air,2:50,Loss public
Jennifer Klein,6/29/2015,Since go save popular step,2:32,Decide all
Alexander May,7/18/2017,Almost forward smile,3:00,Let data cost
Lauren Martin,2/21/2019,Have around project rate,1:22,Position prove
Meredith Perkins,8/8/2021,Different law even environment information owner,1:05,Decade spring language
Chelsea Clark,7/26/2014,Soon oil interview student,2:27,Herself toward
Melanie Bird,2/9/2023,Full attention new conference truth them,5:34,Decision true share
Kelly Roberts,9/3/2021,Water oil friend,1:39,Character truth
Danny Donovan,11/15/2016,Woman how others,5:19,Level far policy
Eric Bryan,3/16/2021,Its rock behind director only,3:35,Better cover event
Robert Mosley,1/30/2024,Source protect figure group individual,5:18,Recent site community market
Kayla Fuller,12/13/2017,Theory network station happy,1:48,Get under
Karen Roberts,10/6/2022,Particular from join,5:36,Guy
Gregory Bryant,9/6/2015,Fund hope oil,2:51,Pull guy agency
Mark Adams,8/3/2015,Cost true carry ever son view,2:51,Game industry particular
Ashley Gibson,4/29/2016,Free past able lawyer same,1:19,Usually leader ok
Joshua Hayes,5/18/2015,Everyone father serious test laugh season well,3:12,Event leave
Roger Jacobs,4/12/2014,Game population media interview strong,5:09,Employee result first
Brandon Martin,7/25/2022,About magazine already experience executive,3:19,Into respond bring player
Blake Ayers,1/20/2021,Key care so raise fly trip network,2:35,Become test
Megan Olson,5/9/2017,Management able choose how our present,4:12,Add out
Lori Anderson,7/3/2022,Line for represent,2:41,Opportunity
Brenda Lopez,11/24/2019,Debate audience yes hospital,1:58,News economy government
Bobby Vasquez,9/14/2022,Clear citizen structure,3:00,Compare growth national
Vincent Collier,4/14/2016,Their too born white room key,1:37,Real necessary commercial
April Gutierrez,6/7/2020,Read relationship step way television,1:34,Couple consider
Amanda Freeman,5/2/2021,When baby interest quickly skill,3:14,Field today better
Austin Cohen,3/31/2023,Toward seek cost majority card,5:48,Democratic choice piece
Robin Wilcox,5/26/2022,Challenge relationship network different company,4:22,Involve paper yard
Timothy Morgan,7/18/2022,Without management fly,3:53,Really term
Amanda Smith,11/23/2023,Move tonight list red pay party,4:03,Trouble west
Zachary Andrews,3/27/2018,Then quality each call store,2:53,Necessary Congress word
Sean Allen,1/27/2018,Feeling lawyer notice artist,5:42,Room top
Mr. Matthew Cole,12/10/2016,Place western discover,3:46,Reveal knowledge
Anne Mcintosh,5/5/2020,Management traditional baby,5:36,Benefit form current
Joseph Fernandez,6/28/2018,School miss take collection car,2:44,Candidate successful then
Ashlee Wilson,5/25/2019,Gas recent wish get late,4:44,Mrs practice author
Kayla Hall,4/13/2019,Method former imagine story hundred discuss voice,3:43,Later help young price
James Moreno,11/6/2018,Research somebody example,3:15,Cold form
Spencer Lewis,4/30/2022,Central this without cup production media,4:12,Eye only ever
Anthony Jackson,10/3/2017,Building today on structure himself opportunity,1:03,Think action whose wait
Toni Johnson,3/9/2021,Worker because price trade,2:29,White evidence growth
Amber Carpenter,5/17/2016,Drug executive wonder,2:06,Note continue anyone
Derrick Mccall,10/30/2020,Past dog parent thousand,3:45,Sister bit child
Robert Washington,4/16/2019,Away wall image exactly reveal account,5:30,Past firm
Hannah Mills,9/9/2019,Run pay forward,3:24,Both notice garden prevent
Thomas Doyle,5/24/2019,Decade apply summer keep,3:51,Report ten herself
Brian Johnson,8/13/2022,Discuss no without a around,3:17,Society study need
Katelyn Key,5/23/2019,Nearly lead whom future for market,1:52,American morning
Gabriel Martinez,11/21/2014,Still reflect significant assume animal campaign,3:54,You college
Robert Johnston,5/1/2015,Husband rate forward,4:26,Sense air still
David Lewis MD,5/23/2020,North nor receive energy,2:42,Station church join food
Leah Hull,3/2/2018,Plant happy course owner,3:26,Defense attention system
Kristina Lewis,6/20/2014,Over coach citizen,3:01,Late notice
Jessica Lindsey,11/23/2017,Scientist could arm everything whatever,5:30,Feeling force gas
Amanda Sanchez DDS,8/27/2016,Never record walk peace admit simply,3:50,School health walk
Michael Strickland,6/11/2023,Experience fine impact information trip challenge,3:19,Wrong thousand
Vicki Mcdowell,2/28/2018,Specific reality stage apply morning here,4:52,Usually visit
Mr. Adam Fowler,2/23/2024,Suddenly husband them,2:21,Any
Barbara Smith,4/20/2022,Sing heart any strong hear girl,2:20,Respond think
Emily Jenkins,7/19/2017,Hotel work reduce,2:04,Respond industry
Richard Evans,9/3/2021,Charge style take case,5:48,Business idea force
Eddie Peterson,12/24/2023,Similar enjoy pay,1:57,Bad community happen
Thomas Morris,7/24/2022,Since watch step method,4:45,None wrong product
Courtney Nixon,8/15/2021,Military environmental me make six,1:23,Money know instead
Brian Moore,8/18/2017,Significant girl answer sister why natural,3:24,Up light region
